code,system
792B.00,readv2
792By00,readv2
792B.00,readv2
792By00,readv2
793G300,readv2
792B000,readv2
793Gz00,readv2
793Gz00,readv2
792B000,readv2
7925200,readv2
793G300,readv2
7922z00,readv2
7926z00,readv2
7920z00,readv2
7924z00,readv2
792Cz00,readv2
792Bz00,readv2
7923z00,readv2
7925z00,readv2
7927z00,readv2
792z.00,readv2
7921z00,readv2
792Dz00,readv2
792Bz00,readv2
792z.00,readv2
7921z00,readv2
7926z00,readv2
7923z00,readv2
7924z00,readv2
7920z00,readv2
792Cz00,readv2
7925z00,readv2
7927z00,readv2
792Dz00,readv2
7922z00,readv2
793G.00,readv2
792Ay00,readv2
7A6H400,readv2
792Az00,readv2
792A.00,readv2
7929y00,readv2
7929z00,readv2
7928y00,readv2
7928z00,readv2
7928y00,readv2
7929600,readv2
7928000,readv2
7928200,readv2
7A6H400,readv2
7929,readv2
7929z00,readv2
792Az00,readv2
7928300,readv2
792A.00,readv2
7929y00,readv2
7929200,readv2
7929000,readv2
7928,readv2
792Ay00,readv2
7928z00,readv2
793G.00,readv2
792C.00,readv2
792C.00,readv2
7927y00,readv2
792y.00,readv2
792Dy00,readv2
792Cy00,readv2
792Dy00,readv2
792y.00,readv2
7927y00,readv2
792Cy00,readv2
793G000,readv2
793G100,readv2
793G200,readv2
793G100,readv2
7929500,readv2
793G200,readv2
7929400,readv2
793G000,readv2
7926y00,readv2
7926y00,readv2
7926,readv2
792..11,readv2
7920y00,readv2
7921y00,readv2
K3043,readv2
792..11,readv2
7920300,readv2
7920,readv2
7921100,readv2
7921,readv2
7920.11,readv2
7920000,readv2
K3043,readv2
7921300,readv2
7921000,readv2
7920y00,readv2
7921.11,readv2
7920100,readv2
7921y00,readv2
7A6G100,readv2
7A6G100,readv2
793H000,readv2
793H000,readv2
792..00,readv2
7927,readv2
792..00,readv2
7924y00,readv2
7924y00,readv2
7924400,readv2
7924,readv2
7924000,readv2
7924300,readv2
7924100,readv2
7922y00,readv2
7922,readv2
7922.11,readv2
7922300,readv2
7922y00,readv2
7922000,readv2
7922100,readv2
K3043C,readv2
792D.00,readv2
792D.00,readv2
K3043C,readv2
792C000,readv2
792C000,readv2
7923y00,readv2
7923.11,readv2
7923y00,readv2
7923000,readv2
7923,readv2
7923100,readv2
7923300,readv2
K3043T,readv2
K3043T,readv2
ZV45700,readv2
ZV45K00,readv2
ZV45K11,readv2
ZV45K00,readv2
ZV45700,readv2
ZV45K11,readv2
ZV45800,readv2
7A54500,readv2
K306 A,readv2
7927500,readv2
7929300,readv2
ZV45800,readv2
7A54500,readv2
7928.11,readv2
K306 A,readv2
ZV45L00,readv2
ZV45L00,readv2
7925y00,readv2
7925y00,readv2
7925.11,readv2
7925,readv2
7A6H300,readv2
7A6H300,readv2
7929111,readv2
7929100,readv2
7923200,readv2
7921200,readv2
7920200,readv2
7924200,readv2
7922200,readv2
7928100,readv2
7925012,readv2
7925011,readv2
7924500,readv2
7925400,readv2
7926100,readv2
7926300,readv2
7925100,readv2
7925312,readv2
7926200,readv2
7925300,readv2
7925311,readv2
7925000,readv2
7926000,readv2
7927300,readv2
7927400,readv2